"","names"
"1","Abraham, Alison"
"2","Ahima, Rexford"
"3","Aizire, Jim"
"4","Althoff, Keri"
"5","Amouzou, Agbessi"
"6","Sanders, Renata"
"7","Atwell, Jessica"
"8","Bai, Jiawei"
"9","Ballew, Shoshana"
"10","Neelon, Sara"
"11","Berenholtz, Sean"
"12","Berger, Zackary"
"13","Bittle, Mark"
"14","Black, Betty"
"15","Bloch, Evan"
"16","Borkoski, Carey"
"17","Boss, Emily"
"18","Boyd, Cynthia"
"19","Bridges, John"
"20","Brooks, Abdullah"
"21","Buckley, Jessie"
"22","Caffo, Brian"
"23","Carlson, Michelle"
"24","Castillo, Renan"
"25","Chakravarti, Aravinda"
"26","Chan, Kitty"
"27","Chandran, Aruna"
"28","Chang, Hsien"
"29","Cherlin, Andrew"
"30","Cherukupalli, Rajeev"
"31","Clark, Michael"
"32","Cohen, Joanna"
"33","Colantuoni, Elizabeth"
"34","Coppens, Isabelle"
"35","Cox, Andrea"
"36","Crainiceanu, Ciprian"
"37","Curriero, Frank"
"38","Cwik, Mary"
"39","Souza, Gypsyamber"
"40","Damico, Rachel"
"41","Datta, Abhirup"
"42","Rothwell, Melissa"
"43","Davis, Meghan"
"44","Dean, Lorraine"
"45","Debnam, Katrina"
"46","DeMarco, Vincent"
"47","Himmelfarb, Cheryl"
"48","Detrick, Barbara"
"49","Dickersin, Kay"
"50","Dimopoulos, George"
"51","DiPietro, Janet"
"52","Duggal, Priya"
"53","Dunn, Kelly"
"54","Dy, Sydney"
"55","Eakin, Michelle"
"56","Edin, Kathryn"
"57","Egner, Patricia"
"58","Ehrhardt, Stephan"
"59","Ehsani, Johnathon"
"60","Exum, Natalie"
"61","Fakhry, Carole"
"62","Fanzo, Jessica"
"63","Farzin, Azadeh"
"64","Feinberg, Andrew"
"65","Fix, Rebecca"
"66","Fry, Jillian"
"67","Holden, Debra"
"68","Gabrielson, Edward"
"69","Galai, Noya"
"70","Gallo, Joseph"
"71","Gamaldo, Charlene"
"72","Gange, Stephen"
"73","Larsen, Vanessa"
"74","Gaskin, Darrell"
"75","Gebo, Kelly"
"76","German, Danielle"
"77","Gittelsohn, Joel"
"78","Goetzel, Ron"
"79","Golub, Jonathan"
"80","Gordon, Toby"
"81","Grabowski, Mary"
"82","Grams, Morgan"
"83","Gronvall, Gigi"
"84","Groopman, John"
"85","Gross, Alden"
"86","Gross, Deborah"
"87","Gupta, Amita"
"88","Gurley, Emily"
"89","Gurses, Ayse"
"90","Brady, Anne"
"91","Han, Hae"
"92","Hannum, Susan"
"93","Hansel, Nadia"
"94","Hansen, Kasper"
"95","Hansoti, Bhakti"
"96","Haroz, Emily"
"97","Hatef, Elham"
"98","Haut, Elliott"
"99","Helleringer, Stéphane"
"100","Hendrickson, Zoé"
"101","Hendrix, Craig"
"102","Herring, Bradley"
"103","Hindin, Michelle"
"104","Hoe, Connie"
"105","Hoffmann, Christopher"
"106","Holmes, Charles"
"107","Holtgrave, David"
"108","Hsu, Yea"
"109","Igusa, Takeru"
"110","Jaar, Bernard"
"111","Jacobson, Lisa"
"112","Jager, Leah"
"113","Janssen, Ellen"
"114","Jennings, Jacky"
"115","Jernigan, David"
"116","Ji, Hongkai"
"117","Johnson, Renee"
"118","Joshu, Corinne"
"119","Kahn, Jeffrey"
"120","Kan, Hong"
"121","Kang, Yunhee"
"122","Kanyangarara, Mufaro"
"123","Karakousis, Petros"
"124","Kasper, Judith"
"125","Kaufman, Michelle"
"126","Kellam, Sheppard"
"127","Kennedy, Caitlin"
"128","Kensler, Thomas"
"129","Kharrazi, Hadi"
"130","Kim, Miyong"
"131","Kirk, Gregory"
"132","Klein, Alison"
"133","Klein, Eili"
"134","Klein, Sabra"
"135","Kohr, Mark"
"136","Kosek, Margaret"
"137","Labrique, Alain"
"138","Lai, Shenghan"
"139","Langmead, Benjamin"
"140","Latif, Asad"
"141","Lau, Bryan"
"142","LaVeist, Thomas"
"143","Lazo, Mariana"
"144","Lee, Sun"
"145","Leek, Jeffrey"
"146","Leoutsakos, Jeannie"
"147","Lessler, Justin"
"148","Letourneau, Elizabeth"
"149","Leung, Anthony"
"150","Li, Tianjing"
"151","Limaye, Rupali"
"152","Lin, Frank"
"153","Lindquist, Martin"
"154","Love, David"
"155","Maher, Brion"
"156","Mahesh, Mahadevappa"
"157","Manabe, Yukari"
"158","Marsteller, Jill"
"159","Maruthur, Nisa"
"160","Massie, Allan"
"161","Matsui, Elizabeth"
"162","Matsushita, Kunihiro"
"163","Matunis, Michael"
"164","Maulsby, Catherine"
"165","Wilson, Evan"
"166","DeMarco, Mara"
"167","McMeniman, Conor"
"168","Mehmood, Amber"
"169","Mehta, Shruti"
"170","Mendelson, Tamar"
"171","Michos, Erin"
"172","Milstone, Aaron"
"173","Moffitt, Robert"
"174","Mojtabai, Ramin"
"175","Mooney, Graham"
"176","Moran, Meghan"
"177","Moss, William"
"178","Mowry, Ellen"
"179","Mueller, Noel"
"180","Mugnier, Monica"
"181","Murray, Sarah"
"182","Muschelli, John"
"183","Musci, Rashelle"
"184","Nachman, Keeve"
"185","Neff, Roni"
"186","Nelson, Timothy"
"187","Nguyen, Trang"
"188","Nicholas, Lauren"
"189","Niessen, Louis"
"190","Norris, Douglas"
"191","Ogburn, Elizabeth"
"192","Owczarzak, Jill"
"193","Padula, William"
"194","Emrick, Darcy"
"195","Pineda, Fernando"
"196","Pollack, Craig"
"197","Poteat, Tonia"
"198","Powell, Terrinieka"
"199","Ramachandran, Gurumurthy"
"200","Ramulu, Pradeep"
"201","Ray, Debashree"
"202","Razzak, Junaid"
"203","Rebholz, Casey"
"204","Rebok, George"
"205","Reeves, Matthew"
"206","Reich, Daniel"
"207","Rivers, Caitlin"
"208","Roemer, Enid"
"209","Rohde, Charles"
"210","Rosen, Michael"
"211","Rosenblum, Michael"
"212","Rosenstock, Summer"
"213","Rositch, Anne"
"214","Rule, Ana"
"215","Salas, Ian"
"216","Saldanha, Ian"
"217","Saloner, Brendan"
"218","Savage, Christine"
"219","Scharfstein, Daniel"
"220","Scharpf, Robert"
"221","Schrack, Jennifer"
"222","Schwartz, Sheree"
"223","Seaberg, Eric"
"224","Shepherd, Stephane"
"225","Sinnis, Photini"
"226","Skinner, Elizabeth"
"227","Smith, Katherine"
"228","Solomon, Barry"
"229","Spira, Adam"
"230","Storey, Douglas"
"231","Strain, Eric"
"232","Strickland, Paul"
"233","Stuart, Elizabeth"
"234","Sullivan, David"
"235","Sutcliffe, Catherine"
"236","Tamma, Pranita"
"237","Taub, Margaret"
"238","Thio, Chloe"
"239","Thompson, Richard"
"240","Lyman, Andrew"
"241","Thrul, Johannes"
"242","Tobian, Aaron"
"243","Tol, Wietse"
"244","Tomasetti, Cristian"
"245","Tonascia, James"
"246","Trent, Maria"
"247","Natta, Mark"
"248","Veenema, Tener"
"249","Volk, Heather"
"250","Wang, Nae"
"251","Wang, Xiaobin"
"252","Wang, Zheyu"
"253","Wang, Zhibin"
"254","Wegener, Stephen"
"255","Weiner, Jonathan"
"256","Weston, Christine"
"257","Wilcox, Holly"
"258","Williams, D"
"259","Willink, Amber"
"260","Karp, Marsha"
"261","Winch, Peter"
"262","Wirtz, Andrea"
"263","Wojciechowski, Robert"
"264","Wolff, Jennifer"
"265","Wood, Robert"
"266","Yang, Liu"
"267","Yeh, Hsin"
"268","Zeger, Scott"
"269","Zhang, Ying"
"270","Zhao, Ni"
"271","Zhu, Junya"
"272","Zipunnikov, Vadim"
