"","Name"
"1","Aaron Milstone"
"2","Aaron Tobian"
"3","Abdullah Brooks"
"4","Abhirup Datta"
"5","Adam Spira"
"6","Agbessi Amouzou"
"7","Alain Labrique"
"8","Alden Gross"
"9","Alison Abraham"
"10","Alison Klein"
"11","Allan Massie"
"12","Amber Mehmood"
"13","Amber Willink"
"14","Amita Gupta"
"15","Ana Rule"
"16","Andrea Cox"
"17","Andrea Wirtz"
"18","Andrew Cherlin"
"19","Andrew Feinberg"
"20","Andrew Lyman"
"21","Anne Brady"
"22","Anne Rositch"
"23","Anthony Leung"
"24","Aravinda Chakravarti"
"25","Aruna Chandran"
"26","Asad Latif"
"27","Ayse Gurses"
"28","Azadeh Farzin"
"29","Barbara Detrick"
"30","Barry Solomon"
"31","Benjamin Langmead"
"32","Bernard Jaar"
"33","Betty Black"
"34","Bhakti Hansoti"
"35","Bradley Herring"
"36","Brendan Saloner"
"37","Brian Caffo"
"38","Brion Maher"
"39","Bryan Lau"
"40","Caitlin Kennedy"
"41","Caitlin Rivers"
"42","Carey Borkoski"
"43","Carole Fakhry"
"44","Casey Rebholz"
"45","Catherine Maulsby"
"46","Catherine Sutcliffe"
"47","Charlene Gamaldo"
"48","Charles Holmes"
"49","Charles Rohde"
"50","Cheryl Himmelfarb"
"51","Chloe Thio"
"52","Christine Savage"
"53","Christine Weston"
"54","Christopher Hoffmann"
"55","Ciprian Crainiceanu"
"56","Connie Hoe"
"57","Conor McMeniman"
"58","Corinne Joshu"
"59","Craig Hendrix"
"60","Craig Pollack"
"61","Cristian Tomasetti"
"62","Cynthia Boyd"
"63","D Williams"
"64","Daniel Reich"
"65","Daniel Scharfstein"
"66","Danielle German"
"67","Darcy Emrick"
"68","Darrell Gaskin"
"69","David Holtgrave"
"70","David Jernigan"
"71","David Love"
"72","David Sullivan"
"73","Debashree Ray"
"74","Deborah Gross"
"75","Debra Holden"
"76","Douglas Norris"
"77","Douglas Storey"
"78","Edward Gabrielson"
"79","Eili Klein"
"80","Elham Hatef"
"81","Elizabeth Colantuoni"
"82","Elizabeth Letourneau"
"83","Elizabeth Matsui"
"84","Elizabeth Ogburn"
"85","Elizabeth Skinner"
"86","Elizabeth Stuart"
"87","Ellen Janssen"
"88","Ellen Mowry"
"89","Elliott Haut"
"90","Emily Boss"
"91","Emily Gurley"
"92","Emily Haroz"
"93","Enid Roemer"
"94","Eric Seaberg"
"95","Eric Strain"
"96","Erin Michos"
"97","Evan Bloch"
"98","Evan Wilson"
"99","Fernando Pineda"
"100","Frank Curriero"
"101","Frank Lin"
"102","George Dimopoulos"
"103","George Rebok"
"104","Gigi Gronvall"
"105","Graham Mooney"
"106","Gregory Kirk"
"107","Gurumurthy Ramachandran"
"108","Gypsyamber Souza"
"109","Hadi Kharrazi"
"110","Hae Han"
"111","Heather Volk"
"112","Holly Wilcox"
"113","Hong Kan"
"114","Hongkai Ji"
"115","Hsien Chang"
"116","Hsin Yeh"
"117","Ian Salas"
"118","Ian Saldanha"
"119","Isabelle Coppens"
"120","Jacky Jennings"
"121","James Tonascia"
"122","Janet DiPietro"
"123","Jeannie Leoutsakos"
"124","Jeffrey Kahn"
"125","Jeffrey Leek"
"126","Jennifer Schrack"
"127","Jennifer Wolff"
"128","Jessica Atwell"
"129","Jessica Fanzo"
"130","Jessie Buckley"
"131","Jiawei Bai"
"132","Jill Marsteller"
"133","Jill Owczarzak"
"134","Jillian Fry"
"135","Jim Aizire"
"136","Joanna Cohen"
"137","Joel Gittelsohn"
"138","Johannes Thrul"
"139","John Bridges"
"140","John Groopman"
"141","John Muschelli"
"142","Johnathon Ehsani"
"143","Jonathan Golub"
"144","Jonathan Weiner"
"145","Joseph Gallo"
"146","Judith Kasper"
"147","Junaid Razzak"
"148","Junya Zhu"
"149","Justin Lessler"
"150","Kasper Hansen"
"151","Katherine Smith"
"152","Kathryn Edin"
"153","Katrina Debnam"
"154","Kay Dickersin"
"155","Keeve Nachman"
"156","Kelly Dunn"
"157","Kelly Gebo"
"158","Keri Althoff"
"159","Kitty Chan"
"160","Kunihiro Matsushita"
"161","Lauren Nicholas"
"162","Leah Jager"
"163","Lisa Jacobson"
"164","Liu Yang"
"165","Lorraine Dean"
"166","Louis Niessen"
"167","Mahadevappa Mahesh"
"168","Mara DeMarco"
"169","Margaret Kosek"
"170","Margaret Taub"
"171","Maria Trent"
"172","Mariana Lazo"
"173","Mark Bittle"
"174","Mark Kohr"
"175","Mark Natta"
"176","Marsha Karp"
"177","Martin Lindquist"
"178","Mary Cwik"
"179","Mary Grabowski"
"180","Matthew Reeves"
"181","Meghan Davis"
"182","Meghan Moran"
"183","Melissa Rothwell"
"184","Michael Clark"
"185","Michael Matunis"
"186","Michael Rosen"
"187","Michael Rosenblum"
"188","Michelle Carlson"
"189","Michelle Eakin"
"190","Michelle Hindin"
"191","Michelle Kaufman"
"192","Miyong Kim"
"193","Monica Mugnier"
"194","Morgan Grams"
"195","Mufaro Kanyangarara"
"196","Nadia Hansel"
"197","Nae Wang"
"198","Natalie Exum"
"199","Ni Zhao"
"200","Nisa Maruthur"
"201","Noel Mueller"
"202","Noya Galai"
"203","Patricia Egner"
"204","Paul Strickland"
"205","Peter Winch"
"206","Petros Karakousis"
"207","Photini Sinnis"
"208","Pradeep Ramulu"
"209","Pranita Tamma"
"210","Priya Duggal"
"211","Rachel Damico"
"212","Rajeev Cherukupalli"
"213","Ramin Mojtabai"
"214","Rashelle Musci"
"215","Rebecca Fix"
"216","Renan Castillo"
"217","Renata Sanders"
"218","Renee Johnson"
"219","Rexford Ahima"
"220","Richard Thompson"
"221","Robert Moffitt"
"222","Robert Scharpf"
"223","Robert Wojciechowski"
"224","Robert Wood"
"225","Ron Goetzel"
"226","Roni Neff"
"227","Rupali Limaye"
"228","Sabra Klein"
"229","Sara Neelon"
"230","Sarah Murray"
"231","Scott Zeger"
"232","Sean Berenholtz"
"233","Shenghan Lai"
"234","Sheppard Kellam"
"235","Sheree Schwartz"
"236","Shoshana Ballew"
"237","Shruti Mehta"
"238","Stephan Ehrhardt"
"239","Stéphane Helleringer"
"240","Stephane Shepherd"
"241","Stephen Gange"
"242","Stephen Wegener"
"243","Summer Rosenstock"
"244","Sun Lee"
"245","Susan Hannum"
"246","Sydney Dy"
"247","Takeru Igusa"
"248","Tamar Mendelson"
"249","Tener Veenema"
"250","Terrinieka Powell"
"251","Thomas Kensler"
"252","Thomas LaVeist"
"253","Tianjing Li"
"254","Timothy Nelson"
"255","Toby Gordon"
"256","Tonia Poteat"
"257","Trang Nguyen"
"258","Vadim Zipunnikov"
"259","Vanessa Larsen"
"260","Vincent DeMarco"
"261","Wietse Tol"
"262","William Moss"
"263","William Padula"
"264","Xiaobin Wang"
"265","Yea Hsu"
"266","Ying Zhang"
"267","Yukari Manabe"
"268","Yunhee Kang"
"269","Zackary Berger"
"270","Zheyu Wang"
"271","Zhibin Wang"
"272","Zoé Hendrickson"
